Label Index,Label Name,Category IoU,Category Dice,Category F1,split,image
0,Background,0.9923,0.9962,0.9962,train,image_14.png
1,Hat,,0.0,0.0,train,image_14.png
2,Hair,0.8813,0.9369,0.9369,train,image_14.png
3,Sunglasses,0.0,0.0,0.0,train,image_14.png
4,Upper-clothes,0.9216,0.9592,0.9592,train,image_14.png
5,Skirt,,0.0,0.0,train,image_14.png
6,Pants,0.9489,0.9738,0.9738,train,image_14.png
7,Dress,,0.0,0.0,train,image_14.png
8,Belt,0.7885,0.8818,0.8818,train,image_14.png
9,Left-shoe,0.3863,0.5573,0.5573,train,image_14.png
10,Right-shoe,0.0674,0.1263,0.1263,train,image_14.png
11,Face,0.9022,0.9486,0.9486,train,image_14.png
12,Left-leg,0.4538,0.6243,0.6243,train,image_14.png
13,Right-leg,0.1892,0.3182,0.3182,train,image_14.png
14,Left-arm,0.0734,0.1368,0.1368,train,image_14.png
15,Right-arm,0.0656,0.1231,0.1231,train,image_14.png
16,Bag,,0.0,0.0,train,image_14.png
17,Scarf,,0.0,0.0,train,image_14.png
0,Background,0.9719,0.9857,0.9857,train,image_46.png
1,Hat,,0.0,0.0,train,image_46.png
2,Hair,0.0,0.0,0.0,train,image_46.png
3,Sunglasses,0.0,0.0,0.0,train,image_46.png
4,Upper-clothes,0.878,0.935,0.935,train,image_46.png
5,Skirt,,0.0,0.0,train,image_46.png
6,Pants,0.9284,0.9629,0.9629,train,image_46.png
7,Dress,,0.0,0.0,train,image_46.png
8,Belt,,0.0,0.0,train,image_46.png
9,Left-shoe,0.4494,0.6201,0.6201,train,image_46.png
10,Right-shoe,0.2211,0.3622,0.3622,train,image_46.png
11,Face,0.8483,0.9179,0.9179,train,image_46.png
12,Left-leg,,0.0,0.0,train,image_46.png
13,Right-leg,,0.0,0.0,train,image_46.png
14,Left-arm,0.2216,0.3629,0.3629,train,image_46.png
15,Right-arm,0.0,0.0,0.0,train,image_46.png
16,Bag,,0.0,0.0,train,image_46.png
17,Scarf,,0.0,0.0,train,image_46.png
0,Background,0.9922,0.9961,0.9961,train,image_6.png
1,Hat,0.7803,0.8766,0.8766,train,image_6.png
2,Hair,0.3528,0.5216,0.5216,train,image_6.png
3,Sunglasses,,0.0,0.0,train,image_6.png
4,Upper-clothes,0.8769,0.9344,0.9344,train,image_6.png
5,Skirt,,0.0,0.0,train,image_6.png
6,Pants,0.8673,0.9289,0.9289,train,image_6.png
7,Dress,,0.0,0.0,train,image_6.png
8,Belt,0.3232,0.4885,0.4885,train,image_6.png
9,Left-shoe,0.0,0.0,0.0,train,image_6.png
10,Right-shoe,0.1168,0.2092,0.2092,train,image_6.png
11,Face,0.9149,0.9556,0.9556,train,image_6.png
12,Left-leg,0.4895,0.6573,0.6573,train,image_6.png
13,Right-leg,0.3348,0.5016,0.5016,train,image_6.png
14,Left-arm,0.4,0.5714,0.5714,train,image_6.png
15,Right-arm,0.1445,0.2525,0.2525,train,image_6.png
16,Bag,0.7209,0.8378,0.8378,train,image_6.png
17,Scarf,,0.0,0.0,train,image_6.png
0,Background,0.9773,0.9885,0.9885,train,image_7.png
1,Hat,,0.0,0.0,train,image_7.png
2,Hair,0.8441,0.9155,0.9155,train,image_7.png
3,Sunglasses,,0.0,0.0,train,image_7.png
4,Upper-clothes,,0.0,0.0,train,image_7.png
5,Skirt,,0.0,0.0,train,image_7.png
6,Pants,,0.0,0.0,train,image_7.png
7,Dress,0.8273,0.9055,0.9055,train,image_7.png
8,Belt,,0.0,0.0,train,image_7.png
9,Left-shoe,0.1564,0.2706,0.2706,train,image_7.png
10,Right-shoe,0.5823,0.736,0.736,train,image_7.png
11,Face,0.7722,0.8714,0.8714,train,image_7.png
12,Left-leg,0.7799,0.8763,0.8763,train,image_7.png
13,Right-leg,0.1959,0.3276,0.3276,train,image_7.png
14,Left-arm,0.0,0.0,0.0,train,image_7.png
15,Right-arm,0.0,0.0,0.0,train,image_7.png
16,Bag,,0.0,0.0,train,image_7.png
17,Scarf,,0.0,0.0,train,image_7.png
0,Background,0.9895,0.9947,0.9947,train,image_22.png
1,Hat,,0.0,0.0,train,image_22.png
2,Hair,0.8551,0.9219,0.9219,train,image_22.png
3,Sunglasses,,0.0,0.0,train,image_22.png
4,Upper-clothes,0.8933,0.9437,0.9437,train,image_22.png
5,Skirt,,0.0,0.0,train,image_22.png
6,Pants,0.8083,0.894,0.894,train,image_22.png
7,Dress,,0.0,0.0,train,image_22.png
8,Belt,0.0,0.0,0.0,train,image_22.png
9,Left-shoe,0.2512,0.4015,0.4015,train,image_22.png
10,Right-shoe,0.0058,0.0114,0.0114,train,image_22.png
11,Face,0.8525,0.9204,0.9204,train,image_22.png
12,Left-leg,0.0991,0.1804,0.1804,train,image_22.png
13,Right-leg,0.2525,0.4032,0.4032,train,image_22.png
14,Left-arm,0.0645,0.1211,0.1211,train,image_22.png
15,Right-arm,0.0,0.0,0.0,train,image_22.png
16,Bag,0.8664,0.9284,0.9284,train,image_22.png
17,Scarf,,0.0,0.0,train,image_22.png
0,Background,0.9868,0.9933,0.9933,train,image_17.png
1,Hat,,0.0,0.0,train,image_17.png
2,Hair,0.8849,0.939,0.939,train,image_17.png
3,Sunglasses,0.0,0.0,0.0,train,image_17.png
4,Upper-clothes,0.9672,0.9833,0.9833,train,image_17.png
5,Skirt,,0.0,0.0,train,image_17.png
6,Pants,0.9222,0.9595,0.9595,train,image_17.png
7,Dress,,0.0,0.0,train,image_17.png
8,Belt,,0.0,0.0,train,image_17.png
9,Left-shoe,0.3818,0.5526,0.5526,train,image_17.png
10,Right-shoe,0.3718,0.542,0.542,train,image_17.png
11,Face,0.8728,0.9321,0.9321,train,image_17.png
12,Left-leg,0.4626,0.6326,0.6326,train,image_17.png
13,Right-leg,0.0835,0.1541,0.1541,train,image_17.png
14,Left-arm,0.7111,0.8312,0.8312,train,image_17.png
15,Right-arm,0.6823,0.8111,0.8111,train,image_17.png
16,Bag,0.8717,0.9315,0.9315,train,image_17.png
17,Scarf,,0.0,0.0,train,image_17.png
0,Background,0.976,0.9878,0.9878,train,image_23.png
1,Hat,,0.0,0.0,train,image_23.png
2,Hair,0.8491,0.9184,0.9184,train,image_23.png
3,Sunglasses,,0.0,0.0,train,image_23.png
4,Upper-clothes,0.9507,0.9748,0.9748,train,image_23.png
5,Skirt,,0.0,0.0,train,image_23.png
6,Pants,0.9401,0.9691,0.9691,train,image_23.png
7,Dress,,0.0,0.0,train,image_23.png
8,Belt,,0.0,0.0,train,image_23.png
9,Left-shoe,0.0,0.0,0.0,train,image_23.png
10,Right-shoe,0.3214,0.4865,0.4865,train,image_23.png
11,Face,0.9145,0.9553,0.9553,train,image_23.png
12,Left-leg,0.0,0.0,0.0,train,image_23.png
13,Right-leg,0.0012,0.0024,0.0024,train,image_23.png
14,Left-arm,0.2019,0.3359,0.3359,train,image_23.png
15,Right-arm,0.3292,0.4953,0.4953,train,image_23.png
16,Bag,0.0,0.0,0.0,train,image_23.png
17,Scarf,,0.0,0.0,train,image_23.png
0,Background,0.9909,0.9955,0.9955,train,image_30.png
1,Hat,0.8991,0.9469,0.9469,train,image_30.png
2,Hair,0.864,0.927,0.927,train,image_30.png
3,Sunglasses,,0.0,0.0,train,image_30.png
4,Upper-clothes,,0.0,0.0,train,image_30.png
5,Skirt,,0.0,0.0,train,image_30.png
6,Pants,,0.0,0.0,train,image_30.png
7,Dress,0.9198,0.9582,0.9582,train,image_30.png
8,Belt,,0.0,0.0,train,image_30.png
9,Left-shoe,0.0227,0.0445,0.0445,train,image_30.png
10,Right-shoe,0.2134,0.3518,0.3518,train,image_30.png
11,Face,0.8654,0.9279,0.9279,train,image_30.png
12,Left-leg,0.0117,0.0231,0.0231,train,image_30.png
13,Right-leg,0.0,0.0,0.0,train,image_30.png
14,Left-arm,0.2195,0.3599,0.3599,train,image_30.png
15,Right-arm,0.0,0.0,0.0,train,image_30.png
16,Bag,0.7106,0.8308,0.8308,train,image_30.png
17,Scarf,,0.0,0.0,train,image_30.png
0,Background,0.9852,0.9926,0.9926,train,image_4.png
1,Hat,,0.0,0.0,train,image_4.png
2,Hair,0.8066,0.893,0.893,train,image_4.png
3,Sunglasses,0.8077,0.8936,0.8936,train,image_4.png
4,Upper-clothes,,0.0,0.0,train,image_4.png
5,Skirt,,0.0,0.0,train,image_4.png
6,Pants,,0.0,0.0,train,image_4.png
7,Dress,0.9473,0.973,0.973,train,image_4.png
8,Belt,,0.0,0.0,train,image_4.png
9,Left-shoe,0.2503,0.4004,0.4004,train,image_4.png
10,Right-shoe,0.0,0.0,0.0,train,image_4.png
11,Face,0.9203,0.9585,0.9585,train,image_4.png
12,Left-leg,0.391,0.5622,0.5622,train,image_4.png
13,Right-leg,0.0123,0.0243,0.0243,train,image_4.png
14,Left-arm,0.7234,0.8395,0.8395,train,image_4.png
15,Right-arm,,0.0,0.0,train,image_4.png
16,Bag,0.6642,0.7982,0.7982,train,image_4.png
17,Scarf,,0.0,0.0,train,image_4.png
0,Background,0.9849,0.9924,0.9924,train,image_37.png
1,Hat,,0.0,0.0,train,image_37.png
2,Hair,0.683,0.8117,0.8117,train,image_37.png
3,Sunglasses,0.8402,0.9132,0.9132,train,image_37.png
4,Upper-clothes,0.7956,0.8862,0.8862,train,image_37.png
5,Skirt,,0.0,0.0,train,image_37.png
6,Pants,0.9287,0.9631,0.9631,train,image_37.png
7,Dress,,0.0,0.0,train,image_37.png
8,Belt,,0.0,0.0,train,image_37.png
9,Left-shoe,0.5032,0.6695,0.6695,train,image_37.png
10,Right-shoe,0.1058,0.1914,0.1914,train,image_37.png
11,Face,0.8498,0.9188,0.9188,train,image_37.png
12,Left-leg,,0.0,0.0,train,image_37.png
13,Right-leg,,0.0,0.0,train,image_37.png
14,Left-arm,0.8957,0.945,0.945,train,image_37.png
15,Right-arm,0.85,0.9189,0.9189,train,image_37.png
16,Bag,0.8518,0.9199,0.9199,train,image_37.png
17,Scarf,0.8836,0.9382,0.9382,train,image_37.png
0,Background,0.9866,0.9932,0.9932,train,image_0.png
1,Hat,,0.0,0.0,train,image_0.png
2,Hair,0.7594,0.8632,0.8632,train,image_0.png
3,Sunglasses,,0.0,0.0,train,image_0.png
4,Upper-clothes,0.9246,0.9608,0.9608,train,image_0.png
5,Skirt,,0.0,0.0,train,image_0.png
6,Pants,0.8965,0.9454,0.9454,train,image_0.png
7,Dress,,0.0,0.0,train,image_0.png
8,Belt,,0.0,0.0,train,image_0.png
9,Left-shoe,0.2897,0.4492,0.4492,train,image_0.png
10,Right-shoe,0.0079,0.0156,0.0156,train,image_0.png
11,Face,0.8297,0.9069,0.9069,train,image_0.png
12,Left-leg,0.0398,0.0766,0.0766,train,image_0.png
13,Right-leg,0.0075,0.015,0.015,train,image_0.png
14,Left-arm,,0.0,0.0,train,image_0.png
15,Right-arm,0.8732,0.9323,0.9323,train,image_0.png
16,Bag,0.5213,0.6853,0.6853,train,image_0.png
17,Scarf,,0.0,0.0,train,image_0.png
0,Background,0.9897,0.9948,0.9948,train,image_49.png
1,Hat,,0.0,0.0,train,image_49.png
2,Hair,0.7762,0.874,0.874,train,image_49.png
3,Sunglasses,,0.0,0.0,train,image_49.png
4,Upper-clothes,0.9213,0.959,0.959,train,image_49.png
5,Skirt,,0.0,0.0,train,image_49.png
6,Pants,0.9501,0.9744,0.9744,train,image_49.png
7,Dress,,0.0,0.0,train,image_49.png
8,Belt,,0.0,0.0,train,image_49.png
9,Left-shoe,0.478,0.6468,0.6468,train,image_49.png
10,Right-shoe,0.0294,0.0572,0.0572,train,image_49.png
11,Face,0.7395,0.8502,0.8502,train,image_49.png
12,Left-leg,,0.0,0.0,train,image_49.png
13,Right-leg,,0.0,0.0,train,image_49.png
14,Left-arm,0.393,0.5643,0.5643,train,image_49.png
15,Right-arm,0.7973,0.8872,0.8872,train,image_49.png
16,Bag,0.477,0.6459,0.6459,train,image_49.png
17,Scarf,,0.0,0.0,train,image_49.png
0,Background,0.9896,0.9948,0.9948,train,image_33.png
1,Hat,,0.0,0.0,train,image_33.png
2,Hair,0.8254,0.9044,0.9044,train,image_33.png
3,Sunglasses,,0.0,0.0,train,image_33.png
4,Upper-clothes,0.9226,0.9598,0.9598,train,image_33.png
5,Skirt,,0.0,0.0,train,image_33.png
6,Pants,0.9014,0.9481,0.9481,train,image_33.png
7,Dress,,0.0,0.0,train,image_33.png
8,Belt,,0.0,0.0,train,image_33.png
9,Left-shoe,0.4887,0.6565,0.6565,train,image_33.png
10,Right-shoe,0.2607,0.4136,0.4136,train,image_33.png
11,Face,0.8474,0.9174,0.9174,train,image_33.png
12,Left-leg,0.0,0.0,0.0,train,image_33.png
13,Right-leg,0.186,0.3136,0.3136,train,image_33.png
14,Left-arm,0.8713,0.9312,0.9312,train,image_33.png
15,Right-arm,0.8717,0.9315,0.9315,train,image_33.png
16,Bag,0.8343,0.9097,0.9097,train,image_33.png
17,Scarf,,0.0,0.0,train,image_33.png
0,Background,0.9872,0.9936,0.9936,train,image_39.png
1,Hat,,0.0,0.0,train,image_39.png
2,Hair,0.7715,0.871,0.871,train,image_39.png
3,Sunglasses,0.7618,0.8648,0.8648,train,image_39.png
4,Upper-clothes,0.9341,0.9659,0.9659,train,image_39.png
5,Skirt,0.9335,0.9656,0.9656,train,image_39.png
6,Pants,,0.0,0.0,train,image_39.png
7,Dress,,0.0,0.0,train,image_39.png
8,Belt,,0.0,0.0,train,image_39.png
9,Left-shoe,0.0004,0.0009,0.0009,train,image_39.png
10,Right-shoe,0.0,0.0,0.0,train,image_39.png
11,Face,0.5284,0.6915,0.6915,train,image_39.png
12,Left-leg,0.01,0.0198,0.0198,train,image_39.png
13,Right-leg,0.0,0.0,0.0,train,image_39.png
14,Left-arm,0.0,0.0,0.0,train,image_39.png
15,Right-arm,0.0,0.0,0.0,train,image_39.png
16,Bag,0.8893,0.9414,0.9414,train,image_39.png
17,Scarf,,0.0,0.0,train,image_39.png
0,Background,0.9873,0.9936,0.9936,train,image_13.png
1,Hat,,0.0,0.0,train,image_13.png
2,Hair,0.8486,0.9181,0.9181,train,image_13.png
3,Sunglasses,,0.0,0.0,train,image_13.png
4,Upper-clothes,0.8866,0.9399,0.9399,train,image_13.png
5,Skirt,0.9122,0.9541,0.9541,train,image_13.png
6,Pants,0.9156,0.956,0.956,train,image_13.png
7,Dress,,0.0,0.0,train,image_13.png
8,Belt,0.6279,0.7715,0.7715,train,image_13.png
9,Left-shoe,0.2461,0.395,0.395,train,image_13.png
10,Right-shoe,0.0036,0.0072,0.0072,train,image_13.png
11,Face,0.7968,0.8869,0.8869,train,image_13.png
12,Left-leg,0.0,0.0,0.0,train,image_13.png
13,Right-leg,0.0,0.0,0.0,train,image_13.png
14,Left-arm,0.0,0.0,0.0,train,image_13.png
15,Right-arm,0.7549,0.8604,0.8604,train,image_13.png
16,Bag,0.5092,0.6748,0.6748,train,image_13.png
17,Scarf,,0.0,0.0,train,image_13.png
0,Background,0.9869,0.9934,0.9934,train,image_35.png
1,Hat,,0.0,0.0,train,image_35.png
2,Hair,0.8216,0.9021,0.9021,train,image_35.png
3,Sunglasses,,0.0,0.0,train,image_35.png
4,Upper-clothes,0.8655,0.9279,0.9279,train,image_35.png
5,Skirt,0.9793,0.9896,0.9896,train,image_35.png
6,Pants,,0.0,0.0,train,image_35.png
7,Dress,,0.0,0.0,train,image_35.png
8,Belt,0.1814,0.307,0.307,train,image_35.png
9,Left-shoe,0.3926,0.5639,0.5639,train,image_35.png
10,Right-shoe,0.0,0.0,0.0,train,image_35.png
11,Face,0.9049,0.9501,0.9501,train,image_35.png
12,Left-leg,0.3938,0.5651,0.5651,train,image_35.png
13,Right-leg,0.032,0.062,0.062,train,image_35.png
14,Left-arm,0.4475,0.6183,0.6183,train,image_35.png
15,Right-arm,0.6093,0.7572,0.7572,train,image_35.png
16,Bag,,0.0,0.0,train,image_35.png
17,Scarf,,0.0,0.0,train,image_35.png
0,Background,0.9813,0.9906,0.9906,train,image_19.png
1,Hat,,0.0,0.0,train,image_19.png
2,Hair,0.8388,0.9123,0.9123,train,image_19.png
3,Sunglasses,0.8152,0.8982,0.8982,train,image_19.png
4,Upper-clothes,0.8883,0.9408,0.9408,train,image_19.png
5,Skirt,,0.0,0.0,train,image_19.png
6,Pants,0.9643,0.9818,0.9818,train,image_19.png
7,Dress,,0.0,0.0,train,image_19.png
8,Belt,,0.0,0.0,train,image_19.png
9,Left-shoe,0.4074,0.579,0.579,train,image_19.png
10,Right-shoe,0.2927,0.4529,0.4529,train,image_19.png
11,Face,0.7989,0.8882,0.8882,train,image_19.png
12,Left-leg,,0.0,0.0,train,image_19.png
13,Right-leg,,0.0,0.0,train,image_19.png
14,Left-arm,0.4821,0.6506,0.6506,train,image_19.png
15,Right-arm,0.0,0.0,0.0,train,image_19.png
16,Bag,,0.0,0.0,train,image_19.png
17,Scarf,,0.0,0.0,train,image_19.png
0,Background,0.9696,0.9846,0.9846,train,image_41.png
1,Hat,,0.0,0.0,train,image_41.png
2,Hair,0.6895,0.8162,0.8162,train,image_41.png
3,Sunglasses,0.8876,0.9404,0.9404,train,image_41.png
4,Upper-clothes,0.8795,0.9359,0.9359,train,image_41.png
5,Skirt,,0.0,0.0,train,image_41.png
6,Pants,0.921,0.9589,0.9589,train,image_41.png
7,Dress,,0.0,0.0,train,image_41.png
8,Belt,,0.0,0.0,train,image_41.png
9,Left-shoe,0.0253,0.0493,0.0493,train,image_41.png
10,Right-shoe,0.0887,0.163,0.163,train,image_41.png
11,Face,0.8937,0.9438,0.9438,train,image_41.png
12,Left-leg,0.0,0.0,0.0,train,image_41.png
13,Right-leg,0.0,0.0,0.0,train,image_41.png
14,Left-arm,0.2113,0.3489,0.3489,train,image_41.png
15,Right-arm,0.6311,0.7738,0.7738,train,image_41.png
16,Bag,,0.0,0.0,train,image_41.png
17,Scarf,,0.0,0.0,train,image_41.png
0,Background,0.9701,0.9848,0.9848,train,image_1.png
1,Hat,0.8548,0.9217,0.9217,train,image_1.png
2,Hair,0.8713,0.9312,0.9312,train,image_1.png
3,Sunglasses,,0.0,0.0,train,image_1.png
4,Upper-clothes,0.8586,0.9239,0.9239,train,image_1.png
5,Skirt,0.935,0.9664,0.9664,train,image_1.png
6,Pants,0.8485,0.9181,0.9181,train,image_1.png
7,Dress,,0.0,0.0,train,image_1.png
8,Belt,,0.0,0.0,train,image_1.png
9,Left-shoe,0.1716,0.2929,0.2929,train,image_1.png
10,Right-shoe,0.1663,0.2852,0.2852,train,image_1.png
11,Face,0.7372,0.8487,0.8487,train,image_1.png
12,Left-leg,,0.0,0.0,train,image_1.png
13,Right-leg,,0.0,0.0,train,image_1.png
14,Left-arm,,0.0,0.0,train,image_1.png
15,Right-arm,0.0,0.0,0.0,train,image_1.png
16,Bag,0.4813,0.6498,0.6498,train,image_1.png
17,Scarf,,0.0,0.0,train,image_1.png
0,Background,0.9899,0.9949,0.9949,train,image_28.png
1,Hat,,0.0,0.0,train,image_28.png
2,Hair,0.7529,0.859,0.859,train,image_28.png
3,Sunglasses,,0.0,0.0,train,image_28.png
4,Upper-clothes,,0.0,0.0,train,image_28.png
5,Skirt,,0.0,0.0,train,image_28.png
6,Pants,0.953,0.976,0.976,train,image_28.png
7,Dress,0.9416,0.9699,0.9699,train,image_28.png
8,Belt,0.5882,0.7407,0.7407,train,image_28.png
9,Left-shoe,0.0494,0.0941,0.0941,train,image_28.png
10,Right-shoe,0.0015,0.003,0.003,train,image_28.png
11,Face,0.851,0.9195,0.9195,train,image_28.png
12,Left-leg,0.0,0.0,0.0,train,image_28.png
13,Right-leg,0.0,0.0,0.0,train,image_28.png
14,Left-arm,0.0,0.0,0.0,train,image_28.png
15,Right-arm,0.0033,0.0066,0.0066,train,image_28.png
16,Bag,,0.0,0.0,train,image_28.png
17,Scarf,,0.0,0.0,train,image_28.png
0,Background,0.9823,0.9911,0.9911,train,image_10.png
1,Hat,,0.0,0.0,train,image_10.png
2,Hair,0.8333,0.9091,0.9091,train,image_10.png
3,Sunglasses,,0.0,0.0,train,image_10.png
4,Upper-clothes,0.8817,0.9371,0.9371,train,image_10.png
5,Skirt,0.8454,0.9162,0.9162,train,image_10.png
6,Pants,,0.0,0.0,train,image_10.png
7,Dress,,0.0,0.0,train,image_10.png
8,Belt,0.0982,0.1788,0.1788,train,image_10.png
9,Left-shoe,0.2309,0.3752,0.3752,train,image_10.png
10,Right-shoe,0.5516,0.711,0.711,train,image_10.png
11,Face,0.8035,0.891,0.891,train,image_10.png
12,Left-leg,0.2604,0.4132,0.4132,train,image_10.png
13,Right-leg,0.0003,0.0005,0.0005,train,image_10.png
14,Left-arm,0.1057,0.1912,0.1912,train,image_10.png
15,Right-arm,0.0113,0.0223,0.0223,train,image_10.png
16,Bag,0.8081,0.8939,0.8939,train,image_10.png
17,Scarf,,0.0,0.0,train,image_10.png
0,Background,0.9795,0.9896,0.9896,train,image_48.png
1,Hat,,0.0,0.0,train,image_48.png
2,Hair,0.8006,0.8893,0.8893,train,image_48.png
3,Sunglasses,0.0,0.0,0.0,train,image_48.png
4,Upper-clothes,0.9072,0.9513,0.9513,train,image_48.png
5,Skirt,,0.0,0.0,train,image_48.png
6,Pants,0.4937,0.661,0.661,train,image_48.png
7,Dress,,0.0,0.0,train,image_48.png
8,Belt,,0.0,0.0,train,image_48.png
9,Left-shoe,0.8063,0.8928,0.8928,train,image_48.png
10,Right-shoe,0.6938,0.8192,0.8192,train,image_48.png
11,Face,0.7397,0.8504,0.8504,train,image_48.png
12,Left-leg,0.3686,0.5386,0.5386,train,image_48.png
13,Right-leg,0.2186,0.3587,0.3587,train,image_48.png
14,Left-arm,0.0,0.0,0.0,train,image_48.png
15,Right-arm,0.1457,0.2543,0.2543,train,image_48.png
16,Bag,0.8842,0.9386,0.9386,train,image_48.png
17,Scarf,,0.0,0.0,train,image_48.png
0,Background,0.989,0.9945,0.9945,train,image_40.png
1,Hat,0.8733,0.9323,0.9323,train,image_40.png
2,Hair,0.5036,0.6698,0.6698,train,image_40.png
3,Sunglasses,,0.0,0.0,train,image_40.png
4,Upper-clothes,0.8849,0.939,0.939,train,image_40.png
5,Skirt,,0.0,0.0,train,image_40.png
6,Pants,0.8953,0.9447,0.9447,train,image_40.png
7,Dress,,0.0,0.0,train,image_40.png
8,Belt,,0.0,0.0,train,image_40.png
9,Left-shoe,0.3937,0.565,0.565,train,image_40.png
10,Right-shoe,0.0033,0.0065,0.0065,train,image_40.png
11,Face,0.9381,0.9681,0.9681,train,image_40.png
12,Left-leg,,0.0,0.0,train,image_40.png
13,Right-leg,,0.0,0.0,train,image_40.png
14,Left-arm,0.59,0.7421,0.7421,train,image_40.png
15,Right-arm,0.0,0.0,0.0,train,image_40.png
16,Bag,0.8607,0.9251,0.9251,train,image_40.png
17,Scarf,,0.0,0.0,train,image_40.png
0,Background,0.9876,0.9938,0.9938,train,image_3.png
1,Hat,,0.0,0.0,train,image_3.png
2,Hair,0.7917,0.8838,0.8838,train,image_3.png
3,Sunglasses,0.2669,0.4214,0.4214,train,image_3.png
4,Upper-clothes,0.9519,0.9754,0.9754,train,image_3.png
5,Skirt,,0.0,0.0,train,image_3.png
6,Pants,0.9054,0.9503,0.9503,train,image_3.png
7,Dress,,0.0,0.0,train,image_3.png
8,Belt,,0.0,0.0,train,image_3.png
9,Left-shoe,0.2166,0.356,0.356,train,image_3.png
10,Right-shoe,0.3317,0.4982,0.4982,train,image_3.png
11,Face,0.9311,0.9643,0.9643,train,image_3.png
12,Left-leg,0.1774,0.3013,0.3013,train,image_3.png
13,Right-leg,0.5532,0.7124,0.7124,train,image_3.png
14,Left-arm,0.0,0.0,0.0,train,image_3.png
15,Right-arm,0.3272,0.4931,0.4931,train,image_3.png
16,Bag,,0.0,0.0,train,image_3.png
17,Scarf,,0.0,0.0,train,image_3.png
0,Background,0.9865,0.9932,0.9932,train,image_45.png
1,Hat,0.9032,0.9491,0.9491,train,image_45.png
2,Hair,0.9406,0.9694,0.9694,train,image_45.png
3,Sunglasses,0.8578,0.9235,0.9235,train,image_45.png
4,Upper-clothes,0.9561,0.9775,0.9775,train,image_45.png
5,Skirt,,0.0,0.0,train,image_45.png
6,Pants,0.9477,0.9732,0.9732,train,image_45.png
7,Dress,,0.0,0.0,train,image_45.png
8,Belt,,0.0,0.0,train,image_45.png
9,Left-shoe,,0.0,0.0,train,image_45.png
10,Right-shoe,,0.0,0.0,train,image_45.png
11,Face,0.9096,0.9526,0.9526,train,image_45.png
12,Left-leg,,0.0,0.0,train,image_45.png
13,Right-leg,,0.0,0.0,train,image_45.png
14,Left-arm,0.2862,0.4451,0.4451,train,image_45.png
15,Right-arm,0.0,0.0,0.0,train,image_45.png
16,Bag,,0.0,0.0,train,image_45.png
17,Scarf,,0.0,0.0,train,image_45.png
0,Background,0.9824,0.9911,0.9911,train,image_18.png
1,Hat,,0.0,0.0,train,image_18.png
2,Hair,0.8278,0.9058,0.9058,train,image_18.png
3,Sunglasses,,0.0,0.0,train,image_18.png
4,Upper-clothes,,0.0,0.0,train,image_18.png
5,Skirt,,0.0,0.0,train,image_18.png
6,Pants,,0.0,0.0,train,image_18.png
7,Dress,0.9489,0.9738,0.9738,train,image_18.png
8,Belt,,0.0,0.0,train,image_18.png
9,Left-shoe,0.6427,0.7825,0.7825,train,image_18.png
10,Right-shoe,0.1843,0.3112,0.3112,train,image_18.png
11,Face,0.8341,0.9096,0.9096,train,image_18.png
12,Left-leg,0.7904,0.883,0.883,train,image_18.png
13,Right-leg,0.0,0.0,0.0,train,image_18.png
14,Left-arm,0.4766,0.6456,0.6456,train,image_18.png
15,Right-arm,0.4361,0.6073,0.6073,train,image_18.png
16,Bag,,0.0,0.0,train,image_18.png
17,Scarf,,0.0,0.0,train,image_18.png
0,Background,0.9902,0.9951,0.9951,train,image_29.png
1,Hat,,0.0,0.0,train,image_29.png
2,Hair,0.8988,0.9467,0.9467,train,image_29.png
3,Sunglasses,,0.0,0.0,train,image_29.png
4,Upper-clothes,0.796,0.8864,0.8864,train,image_29.png
5,Skirt,,0.0,0.0,train,image_29.png
6,Pants,0.0,0.0,0.0,train,image_29.png
7,Dress,0.1099,0.1981,0.1981,train,image_29.png
8,Belt,,0.0,0.0,train,image_29.png
9,Left-shoe,0.1902,0.3196,0.3196,train,image_29.png
10,Right-shoe,0.2875,0.4466,0.4466,train,image_29.png
11,Face,0.8971,0.9458,0.9458,train,image_29.png
12,Left-leg,0.7118,0.8316,0.8316,train,image_29.png
13,Right-leg,0.6902,0.8167,0.8167,train,image_29.png
14,Left-arm,,0.0,0.0,train,image_29.png
15,Right-arm,,0.0,0.0,train,image_29.png
16,Bag,,0.0,0.0,train,image_29.png
17,Scarf,,0.0,0.0,train,image_29.png
0,Background,0.989,0.9945,0.9945,train,image_25.png
1,Hat,0.9051,0.9502,0.9502,train,image_25.png
2,Hair,0.8343,0.9096,0.9096,train,image_25.png
3,Sunglasses,,0.0,0.0,train,image_25.png
4,Upper-clothes,0.955,0.977,0.977,train,image_25.png
5,Skirt,,0.0,0.0,train,image_25.png
6,Pants,0.9347,0.9662,0.9662,train,image_25.png
7,Dress,,0.0,0.0,train,image_25.png
8,Belt,,0.0,0.0,train,image_25.png
9,Left-shoe,0.0559,0.1059,0.1059,train,image_25.png
10,Right-shoe,0.0618,0.1163,0.1163,train,image_25.png
11,Face,0.9358,0.9668,0.9668,train,image_25.png
12,Left-leg,0.0,0.0,0.0,train,image_25.png
13,Right-leg,0.0,0.0,0.0,train,image_25.png
14,Left-arm,0.0095,0.0188,0.0188,train,image_25.png
15,Right-arm,0.0,0.0,0.0,train,image_25.png
16,Bag,0.7974,0.8873,0.8873,train,image_25.png
17,Scarf,,0.0,0.0,train,image_25.png
0,Background,0.9168,0.9566,0.9566,train,image_9.png
1,Hat,,0.0,0.0,train,image_9.png
2,Hair,0.7952,0.8859,0.8859,train,image_9.png
3,Sunglasses,,0.0,0.0,train,image_9.png
4,Upper-clothes,0.6681,0.8011,0.8011,train,image_9.png
5,Skirt,0.878,0.935,0.935,train,image_9.png
6,Pants,,0.0,0.0,train,image_9.png
7,Dress,,0.0,0.0,train,image_9.png
8,Belt,0.5065,0.6724,0.6724,train,image_9.png
9,Left-shoe,0.3173,0.4817,0.4817,train,image_9.png
10,Right-shoe,0.2248,0.3671,0.3671,train,image_9.png
11,Face,0.7756,0.8736,0.8736,train,image_9.png
12,Left-leg,0.1804,0.3056,0.3056,train,image_9.png
13,Right-leg,0.2924,0.4525,0.4525,train,image_9.png
14,Left-arm,0.5938,0.7451,0.7451,train,image_9.png
15,Right-arm,0.5828,0.7364,0.7364,train,image_9.png
16,Bag,,0.0,0.0,train,image_9.png
17,Scarf,0.4841,0.6524,0.6524,train,image_9.png
0,Background,0.9917,0.9958,0.9958,train,image_27.png
1,Hat,,0.0,0.0,train,image_27.png
2,Hair,0.8696,0.9303,0.9303,train,image_27.png
3,Sunglasses,,0.0,0.0,train,image_27.png
4,Upper-clothes,0.8966,0.9455,0.9455,train,image_27.png
5,Skirt,,0.0,0.0,train,image_27.png
6,Pants,,0.0,0.0,train,image_27.png
7,Dress,0.9197,0.9581,0.9581,train,image_27.png
8,Belt,,0.0,0.0,train,image_27.png
9,Left-shoe,0.2639,0.4176,0.4176,train,image_27.png
10,Right-shoe,0.1818,0.3076,0.3076,train,image_27.png
11,Face,0.6382,0.7791,0.7791,train,image_27.png
12,Left-leg,0.4223,0.5939,0.5939,train,image_27.png
13,Right-leg,0.0809,0.1497,0.1497,train,image_27.png
14,Left-arm,0.0,0.0,0.0,train,image_27.png
15,Right-arm,0.2353,0.3809,0.3809,train,image_27.png
16,Bag,,0.0,0.0,train,image_27.png
17,Scarf,,0.0,0.0,train,image_27.png
0,Background,0.9866,0.9933,0.9933,train,image_15.png
1,Hat,,0.0,0.0,train,image_15.png
2,Hair,0.7027,0.8254,0.8254,train,image_15.png
3,Sunglasses,,0.0,0.0,train,image_15.png
4,Upper-clothes,0.8158,0.8985,0.8985,train,image_15.png
5,Skirt,,0.0,0.0,train,image_15.png
6,Pants,0.8857,0.9394,0.9394,train,image_15.png
7,Dress,,0.0,0.0,train,image_15.png
8,Belt,,0.0,0.0,train,image_15.png
9,Left-shoe,0.544,0.7047,0.7047,train,image_15.png
10,Right-shoe,0.0,0.0,0.0,train,image_15.png
11,Face,0.8115,0.8959,0.8959,train,image_15.png
12,Left-leg,0.0,0.0,0.0,train,image_15.png
13,Right-leg,0.0,0.0,0.0,train,image_15.png
14,Left-arm,0.0,0.0,0.0,train,image_15.png
15,Right-arm,0.7433,0.8528,0.8528,train,image_15.png
16,Bag,0.0,0.0,0.0,train,image_15.png
17,Scarf,,0.0,0.0,train,image_15.png
0,Background,0.9908,0.9954,0.9954,train,image_47.png
1,Hat,,0.0,0.0,train,image_47.png
2,Hair,0.896,0.9451,0.9451,train,image_47.png
3,Sunglasses,,0.0,0.0,train,image_47.png
4,Upper-clothes,0.9179,0.9572,0.9572,train,image_47.png
5,Skirt,,0.0,0.0,train,image_47.png
6,Pants,0.8777,0.9349,0.9349,train,image_47.png
7,Dress,,0.0,0.0,train,image_47.png
8,Belt,0.69,0.8166,0.8166,train,image_47.png
9,Left-shoe,0.1802,0.3054,0.3054,train,image_47.png
10,Right-shoe,0.1366,0.2403,0.2403,train,image_47.png
11,Face,0.8716,0.9314,0.9314,train,image_47.png
12,Left-leg,0.6944,0.8196,0.8196,train,image_47.png
13,Right-leg,0.6053,0.7541,0.7541,train,image_47.png
14,Left-arm,0.9087,0.9522,0.9522,train,image_47.png
15,Right-arm,0.7527,0.8589,0.8589,train,image_47.png
16,Bag,0.0,0.0,0.0,train,image_47.png
17,Scarf,,0.0,0.0,train,image_47.png
0,Background,0.9406,0.9694,0.9694,train,image_21.png
1,Hat,,0.0,0.0,train,image_21.png
2,Hair,0.9015,0.9482,0.9482,train,image_21.png
3,Sunglasses,0.0,0.0,0.0,train,image_21.png
4,Upper-clothes,0.9368,0.9674,0.9674,train,image_21.png
5,Skirt,,0.0,0.0,train,image_21.png
6,Pants,0.9681,0.9838,0.9838,train,image_21.png
7,Dress,,0.0,0.0,train,image_21.png
8,Belt,,0.0,0.0,train,image_21.png
9,Left-shoe,,0.0,0.0,train,image_21.png
10,Right-shoe,,0.0,0.0,train,image_21.png
11,Face,0.9692,0.9844,0.9844,train,image_21.png
12,Left-leg,,0.0,0.0,train,image_21.png
13,Right-leg,,0.0,0.0,train,image_21.png
14,Left-arm,0.6408,0.781,0.781,train,image_21.png
15,Right-arm,0.4845,0.6527,0.6527,train,image_21.png
16,Bag,0.6796,0.8092,0.8092,train,image_21.png
17,Scarf,,0.0,0.0,train,image_21.png
0,Background,0.9873,0.9936,0.9936,train,image_34.png
1,Hat,,0.0,0.0,train,image_34.png
2,Hair,0.8731,0.9323,0.9323,train,image_34.png
3,Sunglasses,,0.0,0.0,train,image_34.png
4,Upper-clothes,0.9,0.9474,0.9474,train,image_34.png
5,Skirt,,0.0,0.0,train,image_34.png
6,Pants,0.9617,0.9805,0.9805,train,image_34.png
7,Dress,,0.0,0.0,train,image_34.png
8,Belt,,0.0,0.0,train,image_34.png
9,Left-shoe,0.0,0.0,0.0,train,image_34.png
10,Right-shoe,0.1048,0.1897,0.1897,train,image_34.png
11,Face,0.9251,0.9611,0.9611,train,image_34.png
12,Left-leg,0.0381,0.0734,0.0734,train,image_34.png
13,Right-leg,0.0,0.0,0.0,train,image_34.png
14,Left-arm,0.0863,0.1588,0.1588,train,image_34.png
15,Right-arm,0.0,0.0,0.0,train,image_34.png
16,Bag,,0.0,0.0,train,image_34.png
17,Scarf,,0.0,0.0,train,image_34.png
0,Background,0.9905,0.9952,0.9952,train,image_43.png
1,Hat,,0.0,0.0,train,image_43.png
2,Hair,0.8347,0.9099,0.9099,train,image_43.png
3,Sunglasses,,0.0,0.0,train,image_43.png
4,Upper-clothes,0.9351,0.9665,0.9665,train,image_43.png
5,Skirt,,0.0,0.0,train,image_43.png
6,Pants,0.9236,0.9603,0.9603,train,image_43.png
7,Dress,,0.0,0.0,train,image_43.png
8,Belt,,0.0,0.0,train,image_43.png
9,Left-shoe,0.6584,0.7941,0.7941,train,image_43.png
10,Right-shoe,0.1009,0.1833,0.1833,train,image_43.png
11,Face,0.8483,0.9179,0.9179,train,image_43.png
12,Left-leg,,0.0,0.0,train,image_43.png
13,Right-leg,,0.0,0.0,train,image_43.png
14,Left-arm,0.8266,0.9051,0.9051,train,image_43.png
15,Right-arm,0.7755,0.8736,0.8736,train,image_43.png
16,Bag,0.8669,0.9287,0.9287,train,image_43.png
17,Scarf,,0.0,0.0,train,image_43.png
0,Background,0.9916,0.9958,0.9958,val,image_11.png
1,Hat,0.9152,0.9557,0.9557,val,image_11.png
2,Hair,0.8534,0.9209,0.9209,val,image_11.png
3,Sunglasses,,0.0,0.0,val,image_11.png
4,Upper-clothes,0.9176,0.957,0.957,val,image_11.png
5,Skirt,0.8516,0.9198,0.9198,val,image_11.png
6,Pants,0.0,0.0,0.0,val,image_11.png
7,Dress,,0.0,0.0,val,image_11.png
8,Belt,,0.0,0.0,val,image_11.png
9,Left-shoe,0.0147,0.029,0.029,val,image_11.png
10,Right-shoe,0.3419,0.5096,0.5096,val,image_11.png
11,Face,0.9016,0.9482,0.9482,val,image_11.png
12,Left-leg,0.7164,0.8348,0.8348,val,image_11.png
13,Right-leg,0.7544,0.86,0.86,val,image_11.png
14,Left-arm,0.0,0.0,0.0,val,image_11.png
15,Right-arm,0.0,0.0,0.0,val,image_11.png
16,Bag,,0.0,0.0,val,image_11.png
17,Scarf,,0.0,0.0,val,image_11.png
0,Background,0.9912,0.9956,0.9956,val,image_24.png
1,Hat,0.7261,0.8413,0.8413,val,image_24.png
2,Hair,0.0,0.0,0.0,val,image_24.png
3,Sunglasses,0.7384,0.8495,0.8495,val,image_24.png
4,Upper-clothes,0.9697,0.9846,0.9846,val,image_24.png
5,Skirt,0.972,0.9858,0.9858,val,image_24.png
6,Pants,0.8983,0.9464,0.9464,val,image_24.png
7,Dress,,0.0,0.0,val,image_24.png
8,Belt,,0.0,0.0,val,image_24.png
9,Left-shoe,0.5427,0.7036,0.7036,val,image_24.png
10,Right-shoe,0.0,0.0,0.0,val,image_24.png
11,Face,0.6589,0.7944,0.7944,val,image_24.png
12,Left-leg,,0.0,0.0,val,image_24.png
13,Right-leg,,0.0,0.0,val,image_24.png
14,Left-arm,0.4324,0.6037,0.6037,val,image_24.png
15,Right-arm,0.5951,0.7462,0.7462,val,image_24.png
16,Bag,,0.0,0.0,val,image_24.png
17,Scarf,,0.0,0.0,val,image_24.png
0,Background,0.9875,0.9937,0.9937,val,image_31.png
1,Hat,0.0,0.0,0.0,val,image_31.png
2,Hair,0.7449,0.8538,0.8538,val,image_31.png
3,Sunglasses,,0.0,0.0,val,image_31.png
4,Upper-clothes,0.0,0.0,0.0,val,image_31.png
5,Skirt,,0.0,0.0,val,image_31.png
6,Pants,0.9068,0.9511,0.9511,val,image_31.png
7,Dress,0.0,0.0,0.0,val,image_31.png
8,Belt,,0.0,0.0,val,image_31.png
9,Left-shoe,0.5435,0.7043,0.7043,val,image_31.png
10,Right-shoe,0.3909,0.5621,0.5621,val,image_31.png
11,Face,0.8722,0.9317,0.9317,val,image_31.png
12,Left-leg,,0.0,0.0,val,image_31.png
13,Right-leg,,0.0,0.0,val,image_31.png
14,Left-arm,0.6976,0.8218,0.8218,val,image_31.png
15,Right-arm,0.7869,0.8808,0.8808,val,image_31.png
16,Bag,0.89,0.9418,0.9418,val,image_31.png
17,Scarf,,0.0,0.0,val,image_31.png
0,Background,0.9737,0.9867,0.9867,val,image_2.png
1,Hat,,0.0,0.0,val,image_2.png
2,Hair,0.8132,0.897,0.897,val,image_2.png
3,Sunglasses,,0.0,0.0,val,image_2.png
4,Upper-clothes,,0.0,0.0,val,image_2.png
5,Skirt,,0.0,0.0,val,image_2.png
6,Pants,0.9117,0.9538,0.9538,val,image_2.png
7,Dress,0.9472,0.9729,0.9729,val,image_2.png
8,Belt,,0.0,0.0,val,image_2.png
9,Left-shoe,0.0,0.0,0.0,val,image_2.png
10,Right-shoe,0.0529,0.1005,0.1005,val,image_2.png
11,Face,0.5709,0.7269,0.7269,val,image_2.png
12,Left-leg,,0.0,0.0,val,image_2.png
13,Right-leg,,0.0,0.0,val,image_2.png
14,Left-arm,0.1118,0.2011,0.2011,val,image_2.png
15,Right-arm,0.3963,0.5676,0.5676,val,image_2.png
16,Bag,,0.0,0.0,val,image_2.png
17,Scarf,,0.0,0.0,val,image_2.png
0,Background,0.9896,0.9948,0.9948,val,image_42.png
1,Hat,,0.0,0.0,val,image_42.png
2,Hair,0.811,0.8957,0.8957,val,image_42.png
3,Sunglasses,,0.0,0.0,val,image_42.png
4,Upper-clothes,,0.0,0.0,val,image_42.png
5,Skirt,,0.0,0.0,val,image_42.png
6,Pants,,0.0,0.0,val,image_42.png
7,Dress,0.9653,0.9823,0.9823,val,image_42.png
8,Belt,,0.0,0.0,val,image_42.png
9,Left-shoe,,0.0,0.0,val,image_42.png
10,Right-shoe,,0.0,0.0,val,image_42.png
11,Face,0.7047,0.8268,0.8268,val,image_42.png
12,Left-leg,0.2573,0.4092,0.4092,val,image_42.png
13,Right-leg,0.001,0.0019,0.0019,val,image_42.png
14,Left-arm,0.2921,0.4522,0.4522,val,image_42.png
15,Right-arm,0.3737,0.544,0.544,val,image_42.png
16,Bag,,0.0,0.0,val,image_42.png
17,Scarf,,0.0,0.0,val,image_42.png
0,Background,0.9921,0.9961,0.9961,val,image_5.png
1,Hat,0.8302,0.9072,0.9072,val,image_5.png
2,Hair,0.0,0.0,0.0,val,image_5.png
3,Sunglasses,,0.0,0.0,val,image_5.png
4,Upper-clothes,0.9808,0.9903,0.9903,val,image_5.png
5,Skirt,,0.0,0.0,val,image_5.png
6,Pants,0.9496,0.9741,0.9741,val,image_5.png
7,Dress,,0.0,0.0,val,image_5.png
8,Belt,,0.0,0.0,val,image_5.png
9,Left-shoe,0.3508,0.5194,0.5194,val,image_5.png
10,Right-shoe,0.3654,0.5352,0.5352,val,image_5.png
11,Face,0.9248,0.9609,0.9609,val,image_5.png
12,Left-leg,,0.0,0.0,val,image_5.png
13,Right-leg,,0.0,0.0,val,image_5.png
14,Left-arm,0.0,0.0,0.0,val,image_5.png
15,Right-arm,0.3344,0.5012,0.5012,val,image_5.png
16,Bag,,0.0,0.0,val,image_5.png
17,Scarf,,0.0,0.0,val,image_5.png
0,Background,0.9902,0.9951,0.9951,val,image_32.png
1,Hat,,0.0,0.0,val,image_32.png
2,Hair,0.7908,0.8832,0.8832,val,image_32.png
3,Sunglasses,0.7205,0.8375,0.8375,val,image_32.png
4,Upper-clothes,0.9709,0.9852,0.9852,val,image_32.png
5,Skirt,0.9732,0.9864,0.9864,val,image_32.png
6,Pants,,0.0,0.0,val,image_32.png
7,Dress,,0.0,0.0,val,image_32.png
8,Belt,,0.0,0.0,val,image_32.png
9,Left-shoe,0.4064,0.5779,0.5779,val,image_32.png
10,Right-shoe,0.1044,0.1891,0.1891,val,image_32.png
11,Face,0.8302,0.9072,0.9072,val,image_32.png
12,Left-leg,0.9001,0.9474,0.9474,val,image_32.png
13,Right-leg,0.8009,0.8895,0.8895,val,image_32.png
14,Left-arm,0.1022,0.1855,0.1855,val,image_32.png
15,Right-arm,0.5296,0.6924,0.6924,val,image_32.png
16,Bag,0.8458,0.9164,0.9164,val,image_32.png
17,Scarf,,0.0,0.0,val,image_32.png
0,Background,0.9827,0.9913,0.9913,test,image_26.png
1,Hat,,0.0,0.0,test,image_26.png
2,Hair,0.1782,0.3025,0.3025,test,image_26.png
3,Sunglasses,,0.0,0.0,test,image_26.png
4,Upper-clothes,0.8647,0.9274,0.9274,test,image_26.png
5,Skirt,,0.0,0.0,test,image_26.png
6,Pants,,0.0,0.0,test,image_26.png
7,Dress,0.8554,0.9221,0.9221,test,image_26.png
8,Belt,,0.0,0.0,test,image_26.png
9,Left-shoe,0.2358,0.3816,0.3816,test,image_26.png
10,Right-shoe,0.05,0.0952,0.0952,test,image_26.png
11,Face,0.7736,0.8723,0.8723,test,image_26.png
12,Left-leg,0.2721,0.4278,0.4278,test,image_26.png
13,Right-leg,0.0041,0.0082,0.0082,test,image_26.png
14,Left-arm,0.4376,0.6088,0.6088,test,image_26.png
15,Right-arm,0.0,0.0,0.0,test,image_26.png
16,Bag,0.685,0.8131,0.8131,test,image_26.png
17,Scarf,0.0,0.0,0.0,test,image_26.png
0,Background,0.988,0.9939,0.9939,test,image_12.png
1,Hat,,0.0,0.0,test,image_12.png
2,Hair,0.6703,0.8026,0.8026,test,image_12.png
3,Sunglasses,,0.0,0.0,test,image_12.png
4,Upper-clothes,0.9679,0.9837,0.9837,test,image_12.png
5,Skirt,,0.0,0.0,test,image_12.png
6,Pants,0.9647,0.982,0.982,test,image_12.png
7,Dress,,0.0,0.0,test,image_12.png
8,Belt,,0.0,0.0,test,image_12.png
9,Left-shoe,0.2205,0.3614,0.3614,test,image_12.png
10,Right-shoe,0.4468,0.6176,0.6176,test,image_12.png
11,Face,0.9019,0.9484,0.9484,test,image_12.png
12,Left-leg,0.7941,0.8852,0.8852,test,image_12.png
13,Right-leg,0.5868,0.7396,0.7396,test,image_12.png
14,Left-arm,0.8265,0.905,0.905,test,image_12.png
15,Right-arm,0.6734,0.8048,0.8048,test,image_12.png
16,Bag,,0.0,0.0,test,image_12.png
17,Scarf,,0.0,0.0,test,image_12.png
0,Background,0.988,0.994,0.994,test,image_20.png
1,Hat,0.8642,0.9272,0.9272,test,image_20.png
2,Hair,0.0,0.0,0.0,test,image_20.png
3,Sunglasses,0.8139,0.8974,0.8974,test,image_20.png
4,Upper-clothes,0.9592,0.9792,0.9792,test,image_20.png
5,Skirt,,0.0,0.0,test,image_20.png
6,Pants,0.9486,0.9736,0.9736,test,image_20.png
7,Dress,,0.0,0.0,test,image_20.png
8,Belt,0.772,0.8713,0.8713,test,image_20.png
9,Left-shoe,0.5854,0.7385,0.7385,test,image_20.png
10,Right-shoe,0.6794,0.8091,0.8091,test,image_20.png
11,Face,0.9028,0.9489,0.9489,test,image_20.png
12,Left-leg,,0.0,0.0,test,image_20.png
13,Right-leg,,0.0,0.0,test,image_20.png
14,Left-arm,0.4635,0.6335,0.6335,test,image_20.png
15,Right-arm,0.0,0.0,0.0,test,image_20.png
16,Bag,,0.0,0.0,test,image_20.png
17,Scarf,,0.0,0.0,test,image_20.png
0,Background,0.9796,0.9897,0.9897,test,image_16.png
1,Hat,,0.0,0.0,test,image_16.png
2,Hair,0.8498,0.9188,0.9188,test,image_16.png
3,Sunglasses,,0.0,0.0,test,image_16.png
4,Upper-clothes,,0.0,0.0,test,image_16.png
5,Skirt,,0.0,0.0,test,image_16.png
6,Pants,,0.0,0.0,test,image_16.png
7,Dress,0.912,0.954,0.954,test,image_16.png
8,Belt,,0.0,0.0,test,image_16.png
9,Left-shoe,0.2776,0.4346,0.4346,test,image_16.png
10,Right-shoe,0.3338,0.5005,0.5005,test,image_16.png
11,Face,0.8584,0.9238,0.9238,test,image_16.png
12,Left-leg,0.6738,0.8051,0.8051,test,image_16.png
13,Right-leg,0.3924,0.5636,0.5636,test,image_16.png
14,Left-arm,0.0819,0.1514,0.1514,test,image_16.png
15,Right-arm,0.5128,0.6779,0.6779,test,image_16.png
16,Bag,0.3415,0.5092,0.5092,test,image_16.png
17,Scarf,,0.0,0.0,test,image_16.png
0,Background,0.9825,0.9912,0.9912,test,image_8.png
1,Hat,0.5883,0.7408,0.7408,test,image_8.png
2,Hair,0.7706,0.8704,0.8704,test,image_8.png
3,Sunglasses,0.6658,0.7994,0.7994,test,image_8.png
4,Upper-clothes,0.8394,0.9127,0.9127,test,image_8.png
5,Skirt,0.9464,0.9725,0.9725,test,image_8.png
6,Pants,0.8904,0.942,0.942,test,image_8.png
7,Dress,,0.0,0.0,test,image_8.png
8,Belt,,0.0,0.0,test,image_8.png
9,Left-shoe,0.441,0.6121,0.6121,test,image_8.png
10,Right-shoe,0.0,0.0,0.0,test,image_8.png
11,Face,0.3683,0.5383,0.5383,test,image_8.png
12,Left-leg,,0.0,0.0,test,image_8.png
13,Right-leg,,0.0,0.0,test,image_8.png
14,Left-arm,0.0308,0.0597,0.0597,test,image_8.png
15,Right-arm,0.0,0.0,0.0,test,image_8.png
16,Bag,0.0,0.0,0.0,test,image_8.png
17,Scarf,,0.0,0.0,test,image_8.png
0,Background,0.982,0.9909,0.9909,test,image_38.png
1,Hat,0.7346,0.847,0.847,test,image_38.png
2,Hair,0.7754,0.8735,0.8735,test,image_38.png
3,Sunglasses,,0.0,0.0,test,image_38.png
4,Upper-clothes,0.8825,0.9376,0.9376,test,image_38.png
5,Skirt,,0.0,0.0,test,image_38.png
6,Pants,0.9389,0.9685,0.9685,test,image_38.png
7,Dress,0.8311,0.9078,0.9078,test,image_38.png
8,Belt,0.5246,0.6882,0.6882,test,image_38.png
9,Left-shoe,0.0,0.0,0.0,test,image_38.png
10,Right-shoe,0.0114,0.0225,0.0225,test,image_38.png
11,Face,0.8231,0.903,0.903,test,image_38.png
12,Left-leg,,0.0,0.0,test,image_38.png
13,Right-leg,,0.0,0.0,test,image_38.png
14,Left-arm,0.4426,0.6136,0.6136,test,image_38.png
15,Right-arm,0.1341,0.2365,0.2365,test,image_38.png
16,Bag,,0.0,0.0,test,image_38.png
17,Scarf,,0.0,0.0,test,image_38.png
0,Background,0.9884,0.9942,0.9942,test,image_36.png
1,Hat,,0.0,0.0,test,image_36.png
2,Hair,0.8901,0.9418,0.9418,test,image_36.png
3,Sunglasses,,0.0,0.0,test,image_36.png
4,Upper-clothes,0.9529,0.9759,0.9759,test,image_36.png
5,Skirt,,0.0,0.0,test,image_36.png
6,Pants,0.9585,0.9788,0.9788,test,image_36.png
7,Dress,,0.0,0.0,test,image_36.png
8,Belt,,0.0,0.0,test,image_36.png
9,Left-shoe,0.483,0.6514,0.6514,test,image_36.png
10,Right-shoe,0.2963,0.4571,0.4571,test,image_36.png
11,Face,0.8736,0.9325,0.9325,test,image_36.png
12,Left-leg,0.368,0.538,0.538,test,image_36.png
13,Right-leg,0.5034,0.6696,0.6696,test,image_36.png
14,Left-arm,0.7956,0.8862,0.8862,test,image_36.png
15,Right-arm,0.8828,0.9378,0.9378,test,image_36.png
16,Bag,0.8772,0.9346,0.9346,test,image_36.png
17,Scarf,,0.0,0.0,test,image_36.png
0,Background,0.9926,0.9963,0.9963,test,image_44.png
1,Hat,0.779,0.8758,0.8758,test,image_44.png
2,Hair,0.5376,0.6993,0.6993,test,image_44.png
3,Sunglasses,0.6793,0.8091,0.8091,test,image_44.png
4,Upper-clothes,0.956,0.9775,0.9775,test,image_44.png
5,Skirt,,0.0,0.0,test,image_44.png
6,Pants,0.9401,0.9691,0.9691,test,image_44.png
7,Dress,,0.0,0.0,test,image_44.png
8,Belt,,0.0,0.0,test,image_44.png
9,Left-shoe,0.0,0.0,0.0,test,image_44.png
10,Right-shoe,0.0849,0.1565,0.1565,test,image_44.png
11,Face,0.8777,0.9349,0.9349,test,image_44.png
12,Left-leg,0.0,0.0,0.0,test,image_44.png
13,Right-leg,0.1674,0.2868,0.2868,test,image_44.png
14,Left-arm,0.4637,0.6336,0.6336,test,image_44.png
15,Right-arm,0.0,0.0,0.0,test,image_44.png
16,Bag,,0.0,0.0,test,image_44.png
17,Scarf,,0.0,0.0,test,image_44.png
